"subject","task","Type","Side","MTL","MTS","mTL left %","Hippocampus left %","Amygdala left %","Parahippocampal left %","Entorhinal cortex left %","Fusiform gyrus left %","mTL right %","Hippocampus right %","Amygdala right %","Parahippocampal right %","Entorhinal cortex right %","Fusiform gyrus right %","mTL LI","Hippocampus LI","Amygdala LI","Parahippocampal LI","Entorhinal cortex LI","Fusiform gyrus LI","mTL left voxels","Hippocampus left voxels","Amygdala left voxels","Parahippocampal left voxels","Entorhinal cortex left voxels","Fusiform gyrus left voxels","mTL right voxels","Hippocampus right voxels","Amygdala right voxels","Parahippocampal right voxels","Entorhinal cortex right voxels","Fusiform gyrus right voxels","mTL sum","Hippocampus sum","Amygdala sum","Parahippocampal sum","Entorhinal cortex sum","Fusiform gyrus sum","FramewiseDisplacement","tSNR"
"P048","scenemem","bilateral neocortical","Bilateral","No",,4,3,0,12,0,3,4,3,0,12,0,11,0,0,0,0,0,-0.57,60,69,0,88,0,36,68,58,0,87,0,98,128,127,0,175,0,134,0.06,3500.98
"P030","scenemem","bilateral temporal","Bilateral","Maybe","Yes",17,15,2,34,4,47,10,8,3,22,3,33,0.26,0.3,-0.2,0.21,0.14,0.17,269,312,38,260,30,495,164,165,55,165,31,296,433,477,93,425,61,791,0.11,2919.18
"P032","scenemem","bilateral temporal","Bilateral","Maybe",,47,40,38,46,26,63,39,41,36,38,15,35,0.09,-0.01,0.03,0.1,0.27,0.29,740,809,717,351,203,664,634,840,756,278,131,313,1374,1649,1473,629,334,977,0.11,3044.68
"P036","scenemem","bilateral temporal","Bilateral",,,60,53,31,41,20,56,63,65,40,39,40,68,-0.02,-0.1,-0.13,0.03,-0.33,-0.1,935,1089,582,310,154,589,1015,1338,834,283,351,609,1950,2427,1416,593,505,1198,0.13,2886.58
"P046","scenemem","bilateral temporal","Bilateral","Maybe",,10,13,0,23,0,34,7,9,0,16,0,28,0.18,0.18,0,0.18,0,0.1,161,256,1,177,1,352,116,180,0,114,0,250,277,436,1,291,1,602,0.16,3302.49
"P067","scenemem","bilateral temporal","Bilateral","No",,5,9,0,14,0,24,7,6,6,16,5,32,-0.17,0.2,-1,-0.07,-1,-0.14,83,178,0,109,3,252,115,118,124,117,46,292,198,296,124,226,49,544,0.07,3093.19
"P068","scenemem","bilateral temporal","Bilateral",,,13,16,1,25,0,16,11,12,0,24,1,10,0.08,0.14,1,0.02,-1,0.23,204,324,23,191,2,169,181,238,8,173,11,88,385,562,31,364,13,257,0.21,2694.66
"P078","scenemem","bilateral temporal","Bilateral","Yes",,4,3,0,10,0,4,3,2,0,6,0,5,0.14,0.2,0,0.25,0,-0.11,65,60,2,77,1,37,44,50,0,44,0,48,109,110,2,121,1,85,0.08,2512.39
"P091","scenemem","bilateral temporal","Bilateral","Yes","Yes",30,34,12,37,16,54,24,25,5,48,30,47,0.11,0.15,0.41,-0.13,-0.3,0.07,474,695,225,285,123,564,392,518,103,352,264,426,866,1213,328,637,387,990,0.09,3739.22
"P087","scenemem","bilateral temporal","Bilateral","Maybe",,9,8,3,18,11,22,5,5,1,16,8,26,0.29,0.23,0.5,0.06,0.16,-0.08,137,167,53,135,88,233,78,98,15,115,71,235,215,265,68,250,159,468,0.08,3557.06
"P039","scenemem","left neocortical","Left","Yes",,22,10,20,23,3,22,14,14,2,26,3,14,0.22,-0.17,0.82,-0.06,0,0.22,352,205,379,173,23,232,233,278,48,190,25,127,585,483,427,363,48,359,0.1,2992.21
"P047","scenemem","left neocortical","Left","Maybe",,9,4,2,27,4,26,20,15,12,11,3,7,-0.38,-0.58,-0.71,0.42,0.14,0.58,140,72,39,203,32,268,326,312,260,84,27,66,466,384,299,287,59,334,0.08,2897.07
"P054","scenemem","left neocortical","Left",,,18,15,9,21,5,14,16,18,9,16,1,14,0.06,-0.09,0,0.14,0.67,0,285,312,167,158,38,142,257,363,185,117,10,126,542,675,352,275,48,268,0.06,2911.26
"P026","scenemem","left temporal","Left","Yes",,44,43,29,54,24,44,51,50,28,44,24,41,-0.07,-0.08,0.02,0.1,0,0.04,697,874,543,411,190,458,821,1026,581,321,216,372,1518,1900,1124,732,406,830,0.18,475.25
"P027","scenemem","left temporal","Left","Yes",,1,0,0,4,0,3,1,1,0,3,0,0,0,-1,0,0.14,0,1,22,6,0,34,0,30,13,14,0,20,0,0,35,20,0,54,0,30,0.26,352.91
"P028","scenemem","left temporal","Left","Maybe",,11,8,0,30,0,34,14,11,3,17,3,12,-0.12,-0.16,-1,0.28,-1,0.48,175,158,0,228,0,356,223,216,64,126,27,108,398,374,64,354,27,464,0.14,3027.68
"P038","scenemem","left temporal","Left","Maybe",,16,17,9,34,21,60,20,29,8,21,6,25,-0.11,-0.26,0.06,0.24,0.56,0.41,258,351,166,261,163,634,326,596,157,153,50,226,584,947,323,414,213,860,0.12,3061.42
"P041","scenemem","left temporal","Left",,,9,6,0,19,0,25,19,15,7,21,6,18,-0.36,-0.43,-1,-0.05,-1,0.16,140,129,0,148,0,265,303,308,152,153,52,161,443,437,152,301,52,426,0.05,2702.85
"P042","scenemem","left temporal","Left","Yes",,4,3,0,8,0,15,16,8,7,12,0,22,-0.6,-0.45,-1,-0.2,0,-0.19,58,59,0,58,0,155,262,160,143,90,1,202,320,219,143,148,1,357,0.08,3221.66
"P057","scenemem","left temporal","Left","Yes ",,2,1,0,8,0,10,2,1,0,8,0,5,0,0,0,0,0,0.33,37,18,0,58,0,104,36,26,0,56,0,46,73,44,0,114,0,150,0.05,3478.54
"P079","scenemem","left temporal","Left","Maybe",,5,3,0,14,0,18,14,11,3,16,4,13,-0.47,-0.57,-1,-0.07,-1,0.16,72,67,0,106,0,187,227,219,65,120,38,114,299,286,65,226,38,301,0.12,2591.76
"P080","scenemem","left temporal","Left","Maybe",,8,5,0,23,0,34,3,6,0,8,0,25,0.45,-0.09,0,0.48,0,0.15,128,97,0,174,0,357,46,133,9,58,0,229,174,230,9,232,0,586,0.05,3668.48
"P082","scenemem","left temporal","Left","Maybe",,8,4,0,21,0,17,8,5,0,20,4,23,0,-0.11,0,0.02,-1,-0.15,129,85,0,163,0,178,134,111,0,145,32,208,263,196,0,308,32,386,0.18,3177.66
"P084","scenemem","left temporal","Left",,,19,12,7,33,11,23,18,13,5,30,13,31,0.03,-0.04,0.17,0.05,-0.08,-0.15,302,252,126,252,89,243,290,273,109,224,118,283,592,525,235,476,207,526,0.13,2403.44
"P093","scenemem","left temporal","Left","Yes","Yes",46,43,37,41,19,54,41,46,18,42,19,44,0.06,-0.03,0.35,-0.01,0,0.1,720,882,689,312,147,565,662,937,373,311,166,400,1382,1819,1062,623,313,965,0.17,2460.27
"P094","scenemem","left temporal","Left","Yes","No",16,16,2,21,4,40,27,24,11,26,13,37,-0.26,-0.2,-0.69,-0.11,-0.53,0.04,245,318,30,157,31,416,430,501,220,192,116,335,675,819,250,349,147,751,0.05,2775.63
"P096","scenemem","left temporal","Left","Yes","Yes",5,2,0,12,0,13,2,2,0,7,0,4,0.43,0,0,0.26,0,0.53,72,40,2,93,0,135,36,43,0,55,0,38,108,83,2,148,0,173,0.07,3031.51
"P085","scenemem","left temporal / possibly neocortical ","Left",,,1,0,0,2,0,0,1,1,0,3,0,0,0,-1,0,-0.2,0,0,10,1,0,15,0,0,10,17,0,19,0,0,20,18,0,34,0,0,0.12,3055.14
"P050","scenemem","poor lateralization",,,,2,2,0,6,0,10,1,1,0,5,0,9,0.33,0.33,0,0.09,0,0.05,32,41,0,46,0,105,23,25,0,35,0,81,55,66,0,81,0,186,0.14,3385.48
"P031","scenemem","poss neocortical","Right",,,67,70,58,49,27,53,63,66,47,41,35,57,0.03,0.03,0.1,0.09,-0.13,-0.04,1049,1433,1076,375,215,554,1018,1358,978,301,311,515,2067,2791,2054,676,526,1069,0.05,3104.51
"P092","scenemem","poss temporal","Left","Yes","Yes",0,0,0,1,0,13,0,0,0,0,0,7,0,0,0,1,0,0.3,2,0,0,7,1,137,0,0,0,0,0,67,2,0,0,7,1,204,0.21,2630.94
"P086","scenemem","poss temporal","Bilateral",,,29,32,10,29,7,32,37,38,20,31,14,28,-0.12,-0.09,-0.33,-0.03,-0.33,0.07,457,655,185,222,58,331,606,769,416,229,126,251,1063,1424,601,451,184,582,0.1,3053.99
"P088","scenemem","poss temporal",,,,5,4,0,11,0,12,7,7,0,16,1,8,-0.17,-0.27,0,-0.19,-1,0.2,80,82,0,83,0,122,121,136,0,115,5,74,201,218,0,198,5,196,0.3,3656.38
"P064","scenemem","right neocortical","Right",,,32,37,15,32,5,29,54,53,42,39,25,30,-0.26,-0.18,-0.47,-0.1,-0.67,-0.02,510,754,273,245,41,307,880,1081,867,288,218,272,1390,1835,1140,533,259,579,0.18,2560.81
"P077","scenemem","right neocortical","Right","Maybe",,2,1,0,8,0,19,4,2,0,12,0,19,-0.33,-0.33,0,-0.2,0,0,32,14,0,58,0,196,64,41,0,90,0,175,96,55,0,148,0,371,0.15,3066.12
"P045","scenemem","right temporal","Right","Maybe","Yes",56,62,22,44,20,53,4,5,0,11,0,26,0.87,0.85,1,0.6,1,0.34,886,1272,416,336,157,556,67,105,0,78,1,233,953,1377,416,414,158,789,0.13,2363.31
"P058","scenemem","right temporal","Right","Yes",,21,18,5,28,5,27,25,22,6,36,12,20,-0.09,-0.1,-0.09,-0.12,-0.41,0.15,332,358,86,217,43,284,411,449,130,268,107,184,743,807,216,485,150,468,0.11,3232.76
"P061","scenemem","right temporal","Right","Yes",,1,1,0,4,0,3,0,0,0,1,0,0,1,1,0,0.6,0,1,17,27,0,34,0,32,5,0,0,10,0,2,22,27,0,44,0,34,0.07,2991.18
"P075","scenemem","right temporal","Right",,,30,27,21,16,8,18,13,12,9,20,15,18,0.4,0.38,0.4,-0.11,-0.3,0,468,560,389,124,61,189,214,237,181,147,136,160,682,797,570,271,197,349,0.17,2574.93
"P095","scenemem","right temporal","Right","Yes","No",11,10,0,23,0,26,8,6,0,23,1,20,0.16,0.25,0,0,-1,0.13,177,194,1,179,0,271,133,132,0,170,6,177,310,326,1,349,6,448,0.06,3372.41
"P083","scenemem","temporal","poor",,,39,34,16,34,12,46,41,37,21,38,39,64,-0.03,-0.04,-0.14,-0.06,-0.53,-0.16,612,683,298,262,93,480,664,755,439,281,344,577,1276,1438,737,543,437,1057,0.05,3501.92
"P090","scenemem","temporal?",,,,10,13,7,14,0,18,10,12,3,16,3,24,0,0.04,0.4,-0.07,-1,-0.14,150,262,129,110,0,191,165,253,68,120,28,219,315,515,197,230,28,410,0.16,2530.48
"P034","scenemem","unknown",,"Maybe",,6,3,0,18,0,24,12,10,1,26,3,20,-0.33,-0.54,-1,-0.18,-1,0.09,97,69,0,134,0,254,199,198,19,194,27,179,296,267,19,328,27,433,0.27,2501.64
"P044","scenemem","left temporal","Left","Yes","Yes",32,36,14,34,13,46,33,40,13,31,10,40,-0.02,-0.05,0.04,0.05,0.13,0.07,501,732,258,260,99,487,540,829,270,231,92,361,1041,1561,528,491,191,848,0.08,3351.34
"P055","scenemem","unknown",,,,10,14,2,24,1,32,35,40,14,44,24,59,-0.56,-0.48,-0.75,-0.29,-0.92,-0.3,162,284,30,182,7,337,560,822,301,327,217,527,722,1106,331,509,224,864,0.05,2866.29
"P059","scenemem","unknown",,,,4,2,0,13,0,14,2,3,0,5,0,10,0.33,-0.2,0,0.44,0,0.17,70,43,0,103,0,146,27,52,0,40,0,88,97,95,0,143,0,234,0.07,3763.29
"P062","scenemem","unknown",,,,8,6,2,13,0,29,4,4,0,12,0,8,0.33,0.2,1,0.04,0,0.57,124,117,41,98,0,304,60,92,0,85,0,70,184,209,41,183,0,374,0.04,2899.35
"P063","scenemem","unknown",,,,4,2,0,12,0,10,6,4,0,14,0,3,-0.2,-0.33,0,-0.08,0,0.54,67,42,0,91,2,105,93,77,0,105,0,26,160,119,0,196,2,131,0.17,3462.36
"P066","scenemem","unknown",,,,8,4,0,23,1,27,6,7,0,16,1,26,0.14,-0.27,0,0.18,0,0.02,125,86,1,177,4,279,105,136,3,121,12,235,230,222,4,298,16,514,0.09,3517.06
"P069","scenemem","unknown",,,,43,41,26,42,8,38,51,49,45,40,40,71,-0.09,-0.09,-0.27,0.02,-0.67,-0.3,677,839,476,317,66,400,828,1003,943,293,350,635,1505,1842,1419,610,416,1035,0.07,3867.38
"P073","scenemem","unknown",,,,19,17,7,21,7,22,4,4,0,13,0,5,0.65,0.62,1,0.24,1,0.63,296,348,124,160,54,233,66,73,0,96,0,43,362,421,124,256,54,276,0.2,2946.89
